{"cameraMode":{"drawMode":0,"name":"Shaded","section":"Shading Mode"},"sceneLighting":true,"audioPlay":false,"sceneViewState":{"m_AlwaysRefresh":false,"showFog":true,"showSkybox":true,"showFlares":true,"showImageEffects":true,"showParticleSystems":true,"showVisualEffectGraphs":true,"m_FxEnabled":true},"in2DMode":false,"pivot":{"x":5.029839038848877,"y":3.229301929473877,"z":-13.987174987792969},"rotation":{"x":0.012748343870043755,"y":-0.9810760021209717,"z":0.06927885115146637,"w":0.18034756183624268},"size":3.0152945518493654,"orthographic":true}